{"cameraMode":{"drawMode":0,"name":"Shaded","section":"Shading Mode"},"sceneLighting":false,"audioPlay":false,"sceneViewState":{"showFog":true,"showMaterialUpdate":false,"showSkybox":false,"showFlares":true,"showImageEffects":true,"showParticleSystems":true},"in2DMode":false,"pivot":{"x":13.164030075073243,"y":-9.492938041687012,"z":-157.1045684814453},"rotation":{"x":-0.14199577271938325,"y":-0.11219485104084015,"z":0.01616642437875271,"w":-0.9833998084068298},"size":4.3726115226745609,"orthographic":false}