{"cameraMode":{"drawMode":0,"name":"Shaded","section":"Shading Mode"},"sceneLighting":false,"audioPlay":false,"sceneViewState":{"showFog":true,"showMaterialUpdate":false,"showSkybox":false,"showFlares":true,"showImageEffects":true,"showParticleSystems":true},"in2DMode":false,"pivot":{"x":-31.755714416503908,"y":-12.169637680053711,"z":-182.00167846679688},"rotation":{"x":-0.10360991954803467,"y":-0.4490407109260559,"z":0.052473701536655429,"w":-0.8859795331954956},"size":5.931331634521484,"orthographic":false}