{"cameraMode":{"drawMode":0,"name":"Shaded","section":"Shading Mode"},"sceneLighting":false,"audioPlay":false,"sceneViewState":{"showFog":true,"showMaterialUpdate":false,"showSkybox":false,"showFlares":true,"showImageEffects":true,"showParticleSystems":true},"in2DMode":false,"pivot":{"x":8.226149559020996,"y":2.1597375869750978,"z":-3.194765329360962},"rotation":{"x":-0.04575556889176369,"y":0.07376385480165482,"z":-0.0034261930268257858,"w":-0.9962650537490845},"size":1.7245820760726929,"orthographic":false}