{"cameraMode":{"drawMode":0,"name":"Shaded","section":"Shading Mode"},"sceneLighting":false,"audioPlay":false,"sceneViewState":{"showFog":true,"showMaterialUpdate":false,"showSkybox":false,"showFlares":true,"showImageEffects":true,"showParticleSystems":true},"in2DMode":false,"pivot":{"x":94.84022521972656,"y":-12.067092895507813,"z":-169.09335327148438},"rotation":{"x":-0.24524758756160737,"y":-0.03209281712770462,"z":0.008056114427745343,"w":-0.9689525365829468},"size":2.2303807735443117,"orthographic":false}