{"cameraMode":{"drawMode":0,"name":"Shaded","section":"Shading Mode"},"sceneLighting":true,"audioPlay":false,"sceneViewState":{"showFog":true,"showMaterialUpdate":false,"showSkybox":true,"showFlares":true,"showImageEffects":true,"showParticleSystems":true},"in2DMode":false,"pivot":{"x":109.29329681396485,"y":-26.101825714111329,"z":4.822451114654541},"rotation":{"x":-0.23705871403217317,"y":-0.025684351101517679,"z":0.006108490284532309,"w":-0.9712134599685669},"size":709.9951782226563,"orthographic":false}